{"filesMd5":[{"android":"weex-eros-version","iOS":"weex-eros-version","page":"/pages/home/tab1/tab-page/index.js","md5":"85c964fd9a1e7b659b84a680385c92bd"},{"android":"weex-eros-version","iOS":"weex-eros-version","page":"/pages/home/index.js","md5":"272d178a61aa487ab568914c19d4a770"},{"android":"weex-eros-version","iOS":"weex-eros-version","page":"/pages/home/tab2/button.js","md5":"06e4754d7c3fa48a097d204f30302ae8"},{"android":"weex-eros-version","iOS":"weex-eros-version","page":"/pages/home/tab2/header.js","md5":"775eb9c15590788dd3dd3450b4da8b9d"},{"android":"weex-eros-version","iOS":"weex-eros-version","page":"/pages/home/tab2/icon.js","md5":"b9734c418c6f8fa95f45a66a9b88b171"},{"android":"weex-eros-version","iOS":"weex-eros-version","page":"/pages/home/tab2/image.js","md5":"21110159dd0ef92e407823f61497fd1f"},{"android":"weex-eros-version","iOS":"weex-eros-version","page":"/pages/home/tab2/index.js","md5":"4f23d503299d7f915a2c29a4258e792f"},{"android":"weex-eros-version","iOS":"weex-eros-version","page":"/pages/home/tab2/tabbar.js","md5":"4359be598d28b594931c864605e17cca"},{"android":"weex-eros-version","iOS":"weex-eros-version","page":"/pages/home/tab2/tip.js","md5":"374c429d3c2e8797dcfffb1f897ed25f"},{"android":"weex-eros-version","iOS":"weex-eros-version","page":"/pages/home/tab3/amap.js","md5":"8799730e78e9f61c76f43aa446a89602"},{"android":"weex-eros-version","iOS":"weex-eros-version","page":"/pages/home/tab3/index.js","md5":"b2511ac02afb463e0b556fedec988a49"},{"android":"weex-eros-version","iOS":"weex-eros-version","page":"/pages/home/tab3/router.js","md5":"6a49772bfaebea2569e6a1128fc304ea"},{"android":"weex-eros-version","iOS":"weex-eros-version","page":"/pages/home/tab4/index.js","md5":"e93662387fa0bae5473eb4ec82977c5a"},{"android":"weex-eros-version","iOS":"weex-eros-version","page":"/store/index.js","md5":"44efb628a6fb3c8d06c377eabb0e662f"},{"android":"weex-eros-version","iOS":"weex-eros-version","page":"/pages/home/tab4/waterfall.js","md5":"af4c66fc4c896df8f46ff68463c9856d"},{"android":"weex-eros-version","iOS":"weex-eros-version","page":"/pages/home/tab4/demo/index.js","md5":"eb417efde7891b05313e37d404acba46"},{"android":"weex-eros-version","iOS":"weex-eros-version","page":"/widgets/index.js","md5":"30def754d222102141d1f561f0fadafc"},{"android":"weex-eros-version","iOS":"weex-eros-version","page":"/iconfont/iconfont.ttf","md5":"9d7e501888a204fce8ad09e92236f2b3"}],"android":"weex-eros-version","iOS":"weex-eros-version","appName":"weex-eros-template","jsVersion":"3c809f3a7767fc55c16c14ecde56fc3b","timestamp":1507623800898,"jsPath":false}
