{"filesMd5":[{"android":"weex-eros-version","iOS":"weex-eros-version","page":"/pages/demo/index.js","md5":"a7d9e490ae1c5d469692176f3350e9f8"},{"android":"weex-eros-version","iOS":"weex-eros-version","page":"/pages/home/index.js","md5":"36002d4f1f496e414354188c5da2c641"},{"android":"weex-eros-version","iOS":"weex-eros-version","page":"/pages/home/tab1/index.js","md5":"5e7dbf019bbac53ed06676ec8a739906"},{"android":"weex-eros-version","iOS":"weex-eros-version","page":"/pages/home/tab2/components/amap/index.js","md5":"cd2cdfb8005eb0f6385f0f2a449f734b"},{"android":"weex-eros-version","iOS":"weex-eros-version","page":"/pages/home/tab2/components/router/index.js","md5":"b8518621ed25457810f2acdc1b5fbc68"},{"android":"weex-eros-version","iOS":"weex-eros-version","page":"/pages/home/tab2/index.js","md5":"e35a5b0a5770f9287a45e949a5858b36"},{"android":"weex-eros-version","iOS":"weex-eros-version","page":"/pages/home/tab3/index.js","md5":"17c3cb80a8a120d0b800020bcd5e173f"},{"android":"weex-eros-version","iOS":"weex-eros-version","page":"/iconfont/iconfont.ttf","md5":"fcfd6fc55b5308c896fadc1c08c4b1b0"},{"android":"weex-eros-version","iOS":"weex-eros-version","page":"g","md5":"d0175845c26bad1178eeec7315cb1b32"}],"android":"weex-eros-version","iOS":"weex-eros-version","appName":"weex-eros-template","jsVersion":"5e5715158da96b9370e66e2527b6117a","timestamp":1505381281593,"jsPath":false}
