{"filesMd5":[{"android":"0.0.0","iOS":"0.0.0","page":"/pages/home/index.js","md5":"1f957db298c9f597b5c8311bfb61f07d"},{"android":"0.0.0","iOS":"0.0.0","page":"/pages/home/tab1/index.js","md5":"11075e0d5f106c66eaae70dbad6f4dac"},{"android":"0.0.0","iOS":"0.0.0","page":"/pages/home/tab2/components/amap/index.js","md5":"5a4df5000144fe9bea72dcf6cfc8a7c0"},{"android":"0.0.0","iOS":"0.0.0","page":"/pages/home/tab2/components/router/index.js","md5":"6184dcf03866e3dc905493ef1de09a66"},{"android":"0.0.0","iOS":"0.0.0","page":"/pages/home/tab2/index.js","md5":"0b15c58b3ea304688a00eb24475a9d89"},{"android":"0.0.0","iOS":"0.0.0","page":"/pages/home/tab3/index.js","md5":"11e182304b536e4991884e8485d02050"},{"android":"0.0.0","iOS":"0.0.0","page":"/pages/demo/index.js","md5":"ddf4a10ae1e91ce474a9d78b69e9273f"},{"android":"0.0.0","iOS":"0.0.0","page":"/iconfont/iconfont.ttf","md5":"ec86bfe5bdb872bad2b2af4f11da14f4"},{"android":"0.0.0","iOS":"0.0.0","page":"g","md5":"58c74e921886aa24f88f758d494ebc6a"}],"android":"0.0.0","iOS":"0.0.0","appName":"weex-eros-demo","jsVersion":"8908cddd28ac766c4d3cb20f1e125926","timestamp":1505380467419,"jsPath":false}
